name,comedogenic_rating_0_5,category,pore_clogging,fungal_acne_trigger,aliases,url
Acai Extract,0,Botanical extract,no,no,acai extract,https://acnesafecheck.com/ingredient/acai-extract.html
Acetyl Glucosamine,0,Functional,no,no,acetyl glucosamine,https://acnesafecheck.com/ingredient/acetyl-glucosamine.html
Acetyl Hexapeptide-8,0,Functional,no,no,acetyl hexapeptide-8,https://acnesafecheck.com/ingredient/acetyl-hexapeptide-8.html
Acetylated Lanolin,4,Occlusive,yes,no,acetylated lanolin,https://acnesafecheck.com/ingredient/acetylated-lanolin.html
Acetylated Lanolin Alcohol,4,Occlusive,yes,no,acetylated lanolin alcohol,https://acnesafecheck.com/ingredient/acetylated-lanolin-alcohol.html
Acrylates/C10-30 Alkyl Acrylate Crosspolymer,0,Functional,no,no,acrylates/c10-30 alkyl acrylate crosspolymer,https://acnesafecheck.com/ingredient/acrylates-c10-30-alkyl-acrylate-crosspolymer.html
Adansonia Digitata Extract,0,Botanical extract,no,no,adansonia digitata extract,https://acnesafecheck.com/ingredient/adansonia-digitata-extract.html
Adapalene,0,Active,no,no,adapalene,https://acnesafecheck.com/ingredient/adapalene.html
Adenosine,0,Functional,no,no,adenosine,https://acnesafecheck.com/ingredient/adenosine.html
Agar,0,Functional,no,no,agar,https://acnesafecheck.com/ingredient/agar.html
Alcohol Denat.,0,Solvent,no,no,alcohol denat; denatured alcohol,https://acnesafecheck.com/ingredient/alcohol-denat.html
Algae Extract,5,Marine,yes,no,algae; algae extract,https://acnesafecheck.com/ingredient/algae-extract.html
Algin,4,Thickener,yes,no,algin,https://acnesafecheck.com/ingredient/algin.html
Allantoin,0,Soothing,no,no,allantoin,https://acnesafecheck.com/ingredient/allantoin.html
Allantoin Extract,0,Botanical extract,no,no,allantoin extract,https://acnesafecheck.com/ingredient/allantoin-extract.html
Allium Cepa Extract,0,Botanical extract,no,no,allium cepa extract,https://acnesafecheck.com/ingredient/allium-cepa-extract.html
Aloe Barbadensis Leaf Juice,0,Botanical extract,no,no,aloe barbadensis leaf juice,https://acnesafecheck.com/ingredient/aloe-barbadensis-leaf-juice.html
Aloe Extract,0,Botanical extract,no,no,aloe extract,https://acnesafecheck.com/ingredient/aloe-extract.html
Aloe Ferox Leaf Extract,0,Botanical extract,no,no,aloe ferox leaf extract,https://acnesafecheck.com/ingredient/aloe-ferox-leaf-extract.html
Aloe Juice Powder,0,Botanical extract,no,no,aloe juice powder,https://acnesafecheck.com/ingredient/aloe-juice-powder.html
Aloe Powder,0,Botanical extract,no,no,aloe powder,https://acnesafecheck.com/ingredient/aloe-powder.html
Aloe Vera,0,Botanical extract,no,no,aloe vera,https://acnesafecheck.com/ingredient/aloe-vera.html
Alpha Lipoic Acid,0,Functional,no,no,alpha lipoic acid,https://acnesafecheck.com/ingredient/alpha-lipoic-acid.html
Alpha-Arbutin,0,Functional,no,no,alpha-arbutin,https://acnesafecheck.com/ingredient/alpha-arbutin.html
Aluminum Starch Octenylsuccinate,0,Functional,no,no,aluminum starch octenylsuccinate,https://acnesafecheck.com/ingredient/aluminum-starch-octenylsuccinate.html
Aminomethyl Propanol,0,Functional,no,no,aminomethyl propanol,https://acnesafecheck.com/ingredient/aminomethyl-propanol.html
Amla Extract,0,Botanical extract,no,no,amla extract,https://acnesafecheck.com/ingredient/amla-extract.html
Ammonium Lactate,0,Functional,no,no,ammonium lactate,https://acnesafecheck.com/ingredient/ammonium-lactate.html
Amodimethicone,1,Silicone,no,no,amodimethicone,https://acnesafecheck.com/ingredient/amodimethicone.html
Anisic Acid,0,Functional,no,no,anisic acid,https://acnesafecheck.com/ingredient/anisic-acid.html
Apple Extract,0,Botanical extract,no,no,apple extract,https://acnesafecheck.com/ingredient/apple-extract.html
Apricot Extract,0,Botanical extract,no,no,apricot extract,https://acnesafecheck.com/ingredient/apricot-extract.html
Apricot Kernel Oil,2,Oil,no,yes,apricot kernel oil; prunus armeniaca kernel oil,https://acnesafecheck.com/ingredient/apricot-kernel-oil.html
Arbutin,0,Functional,no,no,arbutin,https://acnesafecheck.com/ingredient/arbutin.html
Argan Oil,0,Oil,no,yes,argan oil; argania spinosa kernel oil,https://acnesafecheck.com/ingredient/argan-oil.html
Argireline,0,Functional,no,no,argireline,https://acnesafecheck.com/ingredient/argireline.html
Arnica Extract,0,Botanical extract,no,no,arnica extract,https://acnesafecheck.com/ingredient/arnica-extract.html
Arnica Montana Flower Extract,0,Botanical extract,no,no,arnica montana flower extract,https://acnesafecheck.com/ingredient/arnica-montana-flower-extract.html
Artemisia Vulgaris Extract,0,Botanical extract,no,no,artemisia vulgaris extract,https://acnesafecheck.com/ingredient/artemisia-vulgaris-extract.html
Artichoke Leaf Extract,0,Botanical extract,no,no,artichoke leaf extract,https://acnesafecheck.com/ingredient/artichoke-leaf-extract.html
Ascorbic Acid,0,Active,no,no,ascorbic acid; vitamin c,https://acnesafecheck.com/ingredient/ascorbic-acid.html
Ascorbyl Glucoside,0,Functional,no,no,ascorbyl glucoside,https://acnesafecheck.com/ingredient/ascorbyl-glucoside.html
Ascorbyl Palmitate,0,Functional,no,yes,ascorbyl palmitate,https://acnesafecheck.com/ingredient/ascorbyl-palmitate.html
Ashwagandha Extract,0,Botanical extract,no,no,ashwagandha extract,https://acnesafecheck.com/ingredient/ashwagandha-extract.html
Asiaticoside,0,Botanical extract,no,no,asiaticoside,https://acnesafecheck.com/ingredient/asiaticoside.html
Asparagus Extract,0,Botanical extract,no,no,asparagus extract,https://acnesafecheck.com/ingredient/asparagus-extract.html
Avena Sativa Kernel Extract,0,Botanical extract,no,no,avena sativa kernel extract,https://acnesafecheck.com/ingredient/avena-sativa-kernel-extract.html
Avobenzone,0,Sunscreen,no,no,avobenzone; butyl methoxydibenzoylmethane,https://acnesafecheck.com/ingredient/avobenzone.html
Avocado Oil,3,Oil,yes,yes,avocado oil; persea gratissima oil,https://acnesafecheck.com/ingredient/avocado-oil.html
Azadirachta Indica Extract,0,Botanical extract,no,no,azadirachta indica extract,https://acnesafecheck.com/ingredient/azadirachta-indica-extract.html
Azelaic Acid,0,Active,no,no,azelaic acid,https://acnesafecheck.com/ingredient/azelaic-acid.html
Bakuchiol,0,Active,no,no,bakuchiol,https://acnesafecheck.com/ingredient/bakuchiol.html
Bamboo Extract,0,Botanical extract,no,no,bamboo extract,https://acnesafecheck.com/ingredient/bamboo-extract.html
Bambusa Vulgaris Extract,0,Botanical extract,no,no,bambusa vulgaris extract,https://acnesafecheck.com/ingredient/bambusa-vulgaris-extract.html
Banana Extract,0,Botanical extract,no,no,banana extract,https://acnesafecheck.com/ingredient/banana-extract.html
Baobab Extract,0,Botanical extract,no,no,baobab extract,https://acnesafecheck.com/ingredient/baobab-extract.html
Barley Extract,0,Botanical extract,no,no,barley extract,https://acnesafecheck.com/ingredient/barley-extract.html
Basil Extract,0,Botanical extract,no,no,basil extract,https://acnesafecheck.com/ingredient/basil-extract.html
Beeswax,2,Wax,no,no,beeswax; cera alba,https://acnesafecheck.com/ingredient/beeswax.html
Beetroot Extract,0,Botanical extract,no,no,beetroot extract,https://acnesafecheck.com/ingredient/beetroot-extract.html
Behenyl Alcohol,1,Fatty alcohol,no,yes,behenyl alcohol,https://acnesafecheck.com/ingredient/behenyl-alcohol.html
Bentonite,0,Clay,no,no,bentonite,https://acnesafecheck.com/ingredient/bentonite.html
Benzoyl Peroxide,0,Active,no,no,benzoyl peroxide,https://acnesafecheck.com/ingredient/benzoyl-peroxide.html
Benzyl Alcohol,0,Functional,no,no,benzyl alcohol,https://acnesafecheck.com/ingredient/benzyl-alcohol.html
Bergamot Extract,0,Botanical extract,no,no,bergamot extract,https://acnesafecheck.com/ingredient/bergamot-extract.html
Beta-Glucan,0,Botanical extract,no,no,beta-glucan,https://acnesafecheck.com/ingredient/beta-glucan.html
Betaine,0,Humectant,no,no,betaine,https://acnesafecheck.com/ingredient/betaine.html
BHA Preservative,0,Functional,no,no,bha preservative,https://acnesafecheck.com/ingredient/bha-preservative.html
BHT,0,Functional,no,no,bht,https://acnesafecheck.com/ingredient/bht.html
Bifida Ferment Lysate,0,Botanical extract,no,yes,bifida ferment lysate,https://acnesafecheck.com/ingredient/bifida-ferment-lysate.html
Bilberry Extract,0,Botanical extract,no,no,bilberry extract,https://acnesafecheck.com/ingredient/bilberry-extract.html
Biotin,0,Functional,no,no,biotin,https://acnesafecheck.com/ingredient/biotin.html
Birch Extract,0,Botanical extract,no,no,birch extract,https://acnesafecheck.com/ingredient/birch-extract.html
Black Tea Extract,0,Botanical extract,no,no,black tea extract,https://acnesafecheck.com/ingredient/black-tea-extract.html
Blackberry Extract,0,Botanical extract,no,no,blackberry extract,https://acnesafecheck.com/ingredient/blackberry-extract.html
Blueberry Extract,0,Botanical extract,no,no,blueberry extract,https://acnesafecheck.com/ingredient/blueberry-extract.html
Borage Oil,2,Oil,no,yes,borage oil; borago officinalis seed oil,https://acnesafecheck.com/ingredient/borage-oil.html
Boron Nitride,0,Functional,no,no,boron nitride,https://acnesafecheck.com/ingredient/boron-nitride.html
Boswellia Serrata Extract,0,Botanical extract,no,no,boswellia serrata extract,https://acnesafecheck.com/ingredient/boswellia-serrata-extract.html
Brahmi Extract,0,Botanical extract,no,no,brahmi extract,https://acnesafecheck.com/ingredient/brahmi-extract.html
Broccoli Extract,0,Botanical extract,no,no,broccoli extract,https://acnesafecheck.com/ingredient/broccoli-extract.html
Burdock Root Extract,0,Botanical extract,no,no,burdock root extract,https://acnesafecheck.com/ingredient/burdock-root-extract.html
Butyl Stearate,3,Ester,yes,yes,butyl stearate,https://acnesafecheck.com/ingredient/butyl-stearate.html
Butylene Glycol,0,Humectant,no,no,butylene glycol,https://acnesafecheck.com/ingredient/butylene-glycol.html
Cabbage Extract,0,Botanical extract,no,no,cabbage extract,https://acnesafecheck.com/ingredient/cabbage-extract.html
Cactus Extract,0,Botanical extract,no,no,cactus extract,https://acnesafecheck.com/ingredient/cactus-extract.html
Caffeine,0,Botanical extract,no,no,caffeine,https://acnesafecheck.com/ingredient/caffeine.html
Calcium Carbonate,0,Functional,no,no,calcium carbonate,https://acnesafecheck.com/ingredient/calcium-carbonate.html
Calcium Chloride,0,Functional,no,no,calcium chloride,https://acnesafecheck.com/ingredient/calcium-chloride.html
Calcium Pantothenate,0,Functional,no,no,calcium pantothenate,https://acnesafecheck.com/ingredient/calcium-pantothenate.html
Calendula Extract,0,Botanical extract,no,no,calendula extract,https://acnesafecheck.com/ingredient/calendula-extract.html
Calendula Officinalis Flower Extract,0,Botanical extract,no,no,calendula officinalis flower extract,https://acnesafecheck.com/ingredient/calendula-officinalis-flower-extract.html
Camellia / Tsubaki Oil,1,Oil,no,yes,camellia japonica seed oil; camellia oil; tsubaki oil,https://acnesafecheck.com/ingredient/camellia-tsubaki-oil.html
Camellia Japonica Leaf Extract,0,Botanical extract,no,no,camellia japonica leaf extract,https://acnesafecheck.com/ingredient/camellia-japonica-leaf-extract.html
Camellia Sinensis Leaf Extract,0,Botanical extract,no,no,camellia sinensis leaf extract,https://acnesafecheck.com/ingredient/camellia-sinensis-leaf-extract.html
Candelilla Wax,1,Wax,no,no,candelilla wax; euphorbia cerifera wax,https://acnesafecheck.com/ingredient/candelilla-wax.html
Caprylhydroxamic Acid,0,Functional,no,no,caprylhydroxamic acid,https://acnesafecheck.com/ingredient/caprylhydroxamic-acid.html
Caprylic/Capric Triglyceride,1,Ester,no,no,caprylic capric triglyceride; caprylic/capric triglyceride,https://acnesafecheck.com/ingredient/caprylic-capric-triglyceride.html
Caprylyl Glycol,0,Functional,no,no,caprylyl glycol,https://acnesafecheck.com/ingredient/caprylyl-glycol.html
Carbomer,0,Thickener,no,no,carbomer,https://acnesafecheck.com/ingredient/carbomer.html
Cardamom Extract,0,Botanical extract,no,no,cardamom extract,https://acnesafecheck.com/ingredient/cardamom-extract.html
Carica Papaya Fruit Extract,0,Botanical extract,no,no,carica papaya fruit extract,https://acnesafecheck.com/ingredient/carica-papaya-fruit-extract.html
Carnauba Wax,1,Wax,no,no,carnauba wax; copernicia cerifera wax,https://acnesafecheck.com/ingredient/carnauba-wax.html
Carnosine,0,Functional,no,no,carnosine,https://acnesafecheck.com/ingredient/carnosine.html
Carrageenan,5,Thickener,yes,no,carrageenan; chondrus crispus,https://acnesafecheck.com/ingredient/carrageenan.html
Carrot Extract,0,Botanical extract,no,no,carrot extract,https://acnesafecheck.com/ingredient/carrot-extract.html
Castor Oil,1,Oil,no,yes,castor oil; ricinus communis seed oil,https://acnesafecheck.com/ingredient/castor-oil.html
Cedarwood Extract,0,Botanical extract,no,no,cedarwood extract,https://acnesafecheck.com/ingredient/cedarwood-extract.html
Celery Extract,0,Botanical extract,no,no,celery extract,https://acnesafecheck.com/ingredient/celery-extract.html
Cellulose Gum,0,Functional,no,no,cellulose gum,https://acnesafecheck.com/ingredient/cellulose-gum.html
Centaurea Cyanus Flower Water,0,Botanical extract,no,no,centaurea cyanus flower water,https://acnesafecheck.com/ingredient/centaurea-cyanus-flower-water.html
Centella Asiatica Extract,0,Botanical extract,no,no,centella asiatica extract,https://acnesafecheck.com/ingredient/centella-asiatica-extract.html
Ceteareth-20,4,Emulsifier,yes,yes,ceteareth-20; cetearyl alcohol ceteareth-20,https://acnesafecheck.com/ingredient/ceteareth-20.html
Ceteareth-25,2,Emulsifier,no,yes,ceteareth-25,https://acnesafecheck.com/ingredient/ceteareth-25.html
Cetearyl Alcohol,2,Fatty alcohol,no,yes,cetearyl alcohol,https://acnesafecheck.com/ingredient/cetearyl-alcohol.html
Cetearyl Ethylhexanoate,1,Ester,no,yes,cetearyl ethylhexanoate,https://acnesafecheck.com/ingredient/cetearyl-ethylhexanoate.html
Cetearyl Glucoside,0,Emulsifier,no,no,cetearyl glucoside,https://acnesafecheck.com/ingredient/cetearyl-glucoside.html
Cetyl Acetate,3,Ester,yes,yes,cetyl acetate,https://acnesafecheck.com/ingredient/cetyl-acetate.html
Cetyl Alcohol,2,Fatty alcohol,no,yes,1-hexadecanol; cetyl alcohol; hexadecyl alcohol,https://acnesafecheck.com/ingredient/cetyl-alcohol.html
Cha de Bugre Extract,0,Botanical extract,no,no,cha de bugre extract,https://acnesafecheck.com/ingredient/cha-de-bugre-extract.html
Chamomile Extract,0,Botanical extract,no,no,chamomile extract,https://acnesafecheck.com/ingredient/chamomile-extract.html
Chamomilla Recutita Flower Extract,0,Botanical extract,no,no,chamomilla recutita flower extract,https://acnesafecheck.com/ingredient/chamomilla-recutita-flower-extract.html
Charcoal,0,Misc,no,no,activated charcoal; charcoal,https://acnesafecheck.com/ingredient/charcoal.html
Chickweed Extract,0,Botanical extract,no,no,chickweed extract,https://acnesafecheck.com/ingredient/chickweed-extract.html
Chlorella Extract,0,Botanical extract,no,no,chlorella extract,https://acnesafecheck.com/ingredient/chlorella-extract.html
Chlorphenesin,0,Functional,no,no,chlorphenesin,https://acnesafecheck.com/ingredient/chlorphenesin.html
Cica,0,Botanical extract,no,no,cica,https://acnesafecheck.com/ingredient/cica.html
Cilantro Extract,0,Botanical extract,no,no,cilantro extract,https://acnesafecheck.com/ingredient/cilantro-extract.html
Cinnamon Extract,0,Botanical extract,no,no,cinnamon extract,https://acnesafecheck.com/ingredient/cinnamon-extract.html
Citric Acid,0,Functional,no,no,citric acid,https://acnesafecheck.com/ingredient/citric-acid.html
Citrus Limon Peel Extract,0,Botanical extract,no,no,citrus limon peel extract,https://acnesafecheck.com/ingredient/citrus-limon-peel-extract.html
Cleavers Extract,0,Botanical extract,no,no,cleavers extract,https://acnesafecheck.com/ingredient/cleavers-extract.html
Clove Extract,0,Botanical extract,no,no,clove extract,https://acnesafecheck.com/ingredient/clove-extract.html
Cocamidopropyl Betaine,1,Surfactant,no,no,cocamidopropyl betaine,https://acnesafecheck.com/ingredient/cocamidopropyl-betaine.html
Coco-Caprylate,1,Ester,no,yes,coco caprylate; coco-caprylate,https://acnesafecheck.com/ingredient/coco-caprylate.html
Coco-Glucoside,0,Surfactant,no,no,coco glucoside; coco-glucoside,https://acnesafecheck.com/ingredient/coco-glucoside.html
Cocoa Butter,4,Butter,yes,yes,cocoa butter; theobroma cacao; theobroma cacao seed butter,https://acnesafecheck.com/ingredient/cocoa-butter.html
Cocoa Extract,0,Botanical extract,no,no,cocoa extract,https://acnesafecheck.com/ingredient/cocoa-extract.html
Coconut Alkanes,3,Oil,yes,no,coconut alkanes,https://acnesafecheck.com/ingredient/coconut-alkanes.html
Coconut Butter,4,Butter,yes,yes,coconut butter,https://acnesafecheck.com/ingredient/coconut-butter.html
Coconut Oil,4,Oil,yes,yes,coconut oil; cocos nucifera oil,https://acnesafecheck.com/ingredient/coconut-oil.html
Coenzyme Q10,0,Functional,no,no,coenzyme q10,https://acnesafecheck.com/ingredient/coenzyme-q10.html
Coffea Arabica Seed Extract,0,Botanical extract,no,no,coffea arabica seed extract,https://acnesafecheck.com/ingredient/coffea-arabica-seed-extract.html
Coffee Extract,0,Botanical extract,no,no,coffee extract,https://acnesafecheck.com/ingredient/coffee-extract.html
Collagen,0,Botanical extract,no,no,collagen,https://acnesafecheck.com/ingredient/collagen.html
Colloidal Oatmeal,0,Soothing,no,no,colloidal oatmeal,https://acnesafecheck.com/ingredient/colloidal-oatmeal.html
Comfrey Extract,0,Botanical extract,no,no,comfrey extract,https://acnesafecheck.com/ingredient/comfrey-extract.html
Copper PCA,0,Functional,no,no,copper pca,https://acnesafecheck.com/ingredient/copper-pca.html
Copper Tripeptide-1,0,Functional,no,no,copper tripeptide-1,https://acnesafecheck.com/ingredient/copper-tripeptide-1.html
Corn Oil,3,Oil,yes,yes,corn oil; zea mays oil,https://acnesafecheck.com/ingredient/corn-oil.html
Corn Starch,0,Functional,no,no,corn starch,https://acnesafecheck.com/ingredient/corn-starch.html
Cornflower Extract,0,Botanical extract,no,no,cornflower extract,https://acnesafecheck.com/ingredient/cornflower-extract.html
Cotton Seed Oil,3,Oil,yes,yes,cotton seed oil; cottonseed oil; gossypium oil,https://acnesafecheck.com/ingredient/cotton-seed-oil.html
Cranberry Extract,0,Botanical extract,no,no,cranberry extract,https://acnesafecheck.com/ingredient/cranberry-extract.html
Cucumber Extract,0,Botanical extract,no,no,cucumber extract,https://acnesafecheck.com/ingredient/cucumber-extract.html
Cucumis Sativus Fruit Extract,0,Botanical extract,no,no,cucumis sativus fruit extract,https://acnesafecheck.com/ingredient/cucumis-sativus-fruit-extract.html
Cucurbita Pepo Seed Extract,0,Botanical extract,no,no,cucurbita pepo seed extract,https://acnesafecheck.com/ingredient/cucurbita-pepo-seed-extract.html
Cupuacu Butter,1,Butter,no,yes,cupuacu butter; theobroma grandiflorum seed butter,https://acnesafecheck.com/ingredient/cupuacu-butter.html
Curcuma Longa Root Extract,0,Botanical extract,no,no,curcuma longa root extract,https://acnesafecheck.com/ingredient/curcuma-longa-root-extract.html
Cyanocobalamin,0,Functional,no,no,cyanocobalamin,https://acnesafecheck.com/ingredient/cyanocobalamin.html
Cyclodextrin,0,Functional,no,no,cyclodextrin,https://acnesafecheck.com/ingredient/cyclodextrin.html
Cyclohexasiloxane,0,Silicone,no,no,cyclohexasiloxane,https://acnesafecheck.com/ingredient/cyclohexasiloxane.html
Cyclomethicone,0,Silicone,no,no,cyclomethicone,https://acnesafecheck.com/ingredient/cyclomethicone.html
Cyclopentasiloxane,0,Silicone,no,no,cyclopentasiloxane,https://acnesafecheck.com/ingredient/cyclopentasiloxane.html
D&C Red 17,3,Colorant,yes,no,d&c red 17; red 17,https://acnesafecheck.com/ingredient/d-c-red-17.html
D&C Red 21,3,Colorant,yes,no,d&c red 21; red 21,https://acnesafecheck.com/ingredient/d-c-red-21.html
D&C Red 27,2,Colorant,no,no,d&c red 27; red 27,https://acnesafecheck.com/ingredient/d-c-red-27.html
D&C Red 30,3,Colorant,yes,no,d&c red 30; red 30,https://acnesafecheck.com/ingredient/d-c-red-30.html
D&C Red 33,2,Colorant,no,no,d&c red 33; red 33,https://acnesafecheck.com/ingredient/d-c-red-33.html
D&C Red 36,3,Colorant,yes,no,d&c red 36; red 36,https://acnesafecheck.com/ingredient/d-c-red-36.html
D&C Red 6,3,Colorant,yes,no,ci 15850; d&c red 6; red 6,https://acnesafecheck.com/ingredient/d-c-red-6.html
D&C Red 7,3,Colorant,yes,no,d&c red 7; red 7,https://acnesafecheck.com/ingredient/d-c-red-7.html
D&C Red 9,3,Colorant,yes,no,d&c red 9; red 9,https://acnesafecheck.com/ingredient/d-c-red-9.html
Daisy Extract,0,Botanical extract,no,no,daisy extract,https://acnesafecheck.com/ingredient/daisy-extract.html
Dandelion Extract,0,Botanical extract,no,no,dandelion extract,https://acnesafecheck.com/ingredient/dandelion-extract.html
Date Extract,0,Botanical extract,no,no,date extract,https://acnesafecheck.com/ingredient/date-extract.html
Daucus Carota Sativa Root Extract,0,Botanical extract,no,no,daucus carota sativa root extract,https://acnesafecheck.com/ingredient/daucus-carota-sativa-root-extract.html
Decyl Glucoside,0,Surfactant,no,no,decyl glucoside,https://acnesafecheck.com/ingredient/decyl-glucoside.html
Decyl Oleate,3,Ester,yes,yes,decyl oleate,https://acnesafecheck.com/ingredient/decyl-oleate.html
Dehydroacetic Acid,0,Functional,no,no,dehydroacetic acid,https://acnesafecheck.com/ingredient/dehydroacetic-acid.html
Diisopropyl Adipate,1,Ester,no,yes,diisopropyl adipate,https://acnesafecheck.com/ingredient/diisopropyl-adipate.html
Dill Extract,0,Botanical extract,no,no,dill extract,https://acnesafecheck.com/ingredient/dill-extract.html
Dimethicone,1,Silicone,no,no,dimethicone,https://acnesafecheck.com/ingredient/dimethicone.html
Dimethicone Crosspolymer,1,Silicone,no,no,dimethicone crosspolymer,https://acnesafecheck.com/ingredient/dimethicone-crosspolymer.html
Dipropylene Glycol,0,Functional,no,no,dipropylene glycol,https://acnesafecheck.com/ingredient/dipropylene-glycol.html
Disodium Cocoamphodiacetate,0,Functional,no,no,disodium cocoamphodiacetate,https://acnesafecheck.com/ingredient/disodium-cocoamphodiacetate.html
Disodium EDTA,0,Functional,no,no,disodium edta,https://acnesafecheck.com/ingredient/disodium-edta.html
Echinacea Extract,0,Botanical extract,no,no,echinacea extract,https://acnesafecheck.com/ingredient/echinacea-extract.html
Ectoin,0,Botanical extract,no,no,ectoin,https://acnesafecheck.com/ingredient/ectoin.html
Edelweiss Extract,0,Botanical extract,no,no,edelweiss extract,https://acnesafecheck.com/ingredient/edelweiss-extract.html
Elastin,0,Botanical extract,no,no,elastin,https://acnesafecheck.com/ingredient/elastin.html
Elderflower Extract,0,Botanical extract,no,no,elderflower extract,https://acnesafecheck.com/ingredient/elderflower-extract.html
Equisetum Arvense Extract,0,Botanical extract,no,no,equisetum arvense extract,https://acnesafecheck.com/ingredient/equisetum-arvense-extract.html
Ergothioneine,0,Functional,no,no,ergothioneine,https://acnesafecheck.com/ingredient/ergothioneine.html
Ethanol,0,Functional,no,no,ethanol,https://acnesafecheck.com/ingredient/ethanol.html
Ethylhexylglycerin,0,Functional,no,no,ethylhexylglycerin,https://acnesafecheck.com/ingredient/ethylhexylglycerin.html
Eucalyptus Extract,0,Botanical extract,no,no,eucalyptus extract,https://acnesafecheck.com/ingredient/eucalyptus-extract.html
Evening Primrose Oil,2,Oil,no,yes,evening primrose oil; oenothera biennis oil,https://acnesafecheck.com/ingredient/evening-primrose-oil.html
Fennel Extract,0,Botanical extract,no,no,fennel extract,https://acnesafecheck.com/ingredient/fennel-extract.html
Fermented Rice Water,0,Botanical extract,no,yes,fermented rice water,https://acnesafecheck.com/ingredient/fermented-rice-water.html
Ferulate,0,Functional,no,no,ferulate,https://acnesafecheck.com/ingredient/ferulate.html
Ferulic Acid,0,Botanical extract,no,no,ferulic acid,https://acnesafecheck.com/ingredient/ferulic-acid.html
Fig Extract,0,Botanical extract,no,no,fig extract,https://acnesafecheck.com/ingredient/fig-extract.html
Folic Acid,0,Functional,no,no,folic acid,https://acnesafecheck.com/ingredient/folic-acid.html
Fragrance,1,Fragrance,no,no,fragrance; parfum,https://acnesafecheck.com/ingredient/fragrance.html
Frankincense Extract,0,Botanical extract,no,no,frankincense extract,https://acnesafecheck.com/ingredient/frankincense-extract.html
Fructose,0,Functional,no,no,fructose,https://acnesafecheck.com/ingredient/fructose.html
Galactomyces Ferment Filtrate,0,Botanical extract,no,yes,galactomyces ferment filtrate,https://acnesafecheck.com/ingredient/galactomyces-ferment-filtrate.html
Garlic Extract,0,Botanical extract,no,no,garlic extract,https://acnesafecheck.com/ingredient/garlic-extract.html
Gellan Gum,0,Functional,no,no,gellan gum,https://acnesafecheck.com/ingredient/gellan-gum.html
Ginger Root Extract,0,Botanical extract,no,no,ginger root extract,https://acnesafecheck.com/ingredient/ginger-root-extract.html
Ginkgo Biloba Leaf Extract,0,Botanical extract,no,no,ginkgo biloba leaf extract,https://acnesafecheck.com/ingredient/ginkgo-biloba-leaf-extract.html
Ginseng Extract,0,Botanical extract,no,no,ginseng extract,https://acnesafecheck.com/ingredient/ginseng-extract.html
Gluconolactone,0,Functional,no,no,gluconolactone,https://acnesafecheck.com/ingredient/gluconolactone.html
Glucose,0,Functional,no,no,glucose,https://acnesafecheck.com/ingredient/glucose.html
Glutathione,0,Functional,no,no,glutathione,https://acnesafecheck.com/ingredient/glutathione.html
Glycereth-26,0,Humectant,no,no,glycereth-26,https://acnesafecheck.com/ingredient/glycereth-26.html
Glycerin,0,Humectant,no,no,glycerin; glycerine; glycerol,https://acnesafecheck.com/ingredient/glycerin.html
Glyceryl Caprylate,0,Functional,no,no,glyceryl caprylate,https://acnesafecheck.com/ingredient/glyceryl-caprylate.html
Glyceryl Oleate,2,Ester,no,yes,glyceryl oleate,https://acnesafecheck.com/ingredient/glyceryl-oleate.html
Glyceryl Stearate,1,Ester,no,yes,glyceryl stearate,https://acnesafecheck.com/ingredient/glyceryl-stearate.html
Glyceryl Stearate SE,3,Ester,yes,yes,glyceryl stearate se,https://acnesafecheck.com/ingredient/glyceryl-stearate-se.html
Glyceryl Undecylenate,0,Functional,no,no,glyceryl undecylenate,https://acnesafecheck.com/ingredient/glyceryl-undecylenate.html
Glycine Soja Seed Extract,0,Botanical extract,no,no,glycine soja seed extract,https://acnesafecheck.com/ingredient/glycine-soja-seed-extract.html
Glycolic Acid,0,Active,no,no,glycolic acid,https://acnesafecheck.com/ingredient/glycolic-acid.html
Glycyrrhiza Glabra Root Extract,0,Botanical extract,no,no,glycyrrhiza glabra root extract,https://acnesafecheck.com/ingredient/glycyrrhiza-glabra-root-extract.html
Goji Berry Extract,0,Botanical extract,no,no,goji berry extract,https://acnesafecheck.com/ingredient/goji-berry-extract.html
Gotu Kola Extract,0,Botanical extract,no,no,gotu kola extract,https://acnesafecheck.com/ingredient/gotu-kola-extract.html
Grape Extract,0,Botanical extract,no,no,grape extract,https://acnesafecheck.com/ingredient/grape-extract.html
Grapefruit Extract,0,Botanical extract,no,no,grapefruit extract,https://acnesafecheck.com/ingredient/grapefruit-extract.html
Grapeseed Oil,1,Oil,no,yes,grape seed oil; grapeseed oil; vitis vinifera seed oil,https://acnesafecheck.com/ingredient/grapeseed-oil.html
Green Tea Extract,0,Botanical extract,no,no,green tea extract,https://acnesafecheck.com/ingredient/green-tea-extract.html
Guar Hydroxypropyltrimonium Chloride,0,Functional,no,no,guar hydroxypropyltrimonium chloride,https://acnesafecheck.com/ingredient/guar-hydroxypropyltrimonium-chloride.html
Guarana Extract,0,Botanical extract,no,no,guarana extract,https://acnesafecheck.com/ingredient/guarana-extract.html
Hamamelis Virginiana Water,0,Botanical extract,no,no,hamamelis virginiana water,https://acnesafecheck.com/ingredient/hamamelis-virginiana-water.html
Hawthorn Extract,0,Botanical extract,no,no,hawthorn extract,https://acnesafecheck.com/ingredient/hawthorn-extract.html
HDI/Trimethylol Hexyllactone Crosspolymer,0,Functional,no,no,hdi/trimethylol hexyllactone crosspolymer,https://acnesafecheck.com/ingredient/hdi-trimethylol-hexyllactone-crosspolymer.html
Heartleaf Extract,0,Botanical extract,no,no,heartleaf extract,https://acnesafecheck.com/ingredient/heartleaf-extract.html
Helichrysum Extract,0,Botanical extract,no,no,helichrysum extract,https://acnesafecheck.com/ingredient/helichrysum-extract.html
Hemp Seed Oil,0,Oil,no,yes,cannabis sativa seed oil; hemp seed oil,https://acnesafecheck.com/ingredient/hemp-seed-oil.html
Hexapeptide-9,0,Functional,no,no,hexapeptide-9,https://acnesafecheck.com/ingredient/hexapeptide-9.html
Hexylene Glycol,0,Functional,no,no,hexylene glycol,https://acnesafecheck.com/ingredient/hexylene-glycol.html
Hibiscus Extract,0,Botanical extract,no,no,hibiscus extract,https://acnesafecheck.com/ingredient/hibiscus-extract.html
Hippophae Rhamnoides Extract,0,Botanical extract,no,no,hippophae rhamnoides extract,https://acnesafecheck.com/ingredient/hippophae-rhamnoides-extract.html
Holy Basil Extract,0,Botanical extract,no,no,holy basil extract,https://acnesafecheck.com/ingredient/holy-basil-extract.html
Homosalate,1,Sunscreen,no,no,homosalate,https://acnesafecheck.com/ingredient/homosalate.html
Honey Extract,0,Botanical extract,no,no,honey extract,https://acnesafecheck.com/ingredient/honey-extract.html
Hops Extract,0,Botanical extract,no,no,hops extract,https://acnesafecheck.com/ingredient/hops-extract.html
Horsetail Extract,0,Botanical extract,no,no,horsetail extract,https://acnesafecheck.com/ingredient/horsetail-extract.html
Houttuynia Cordata Extract,0,Botanical extract,no,no,houttuynia cordata extract,https://acnesafecheck.com/ingredient/houttuynia-cordata-extract.html
Hyaluronic Acid,0,Humectant,no,no,hyaluronic acid; sodium hyaluronate,https://acnesafecheck.com/ingredient/hyaluronic-acid.html
Hydrated Silica,0,Functional,no,no,hydrated silica,https://acnesafecheck.com/ingredient/hydrated-silica.html
Hydrogenated Castor Oil,1,Oil,no,yes,hydrogenated castor oil,https://acnesafecheck.com/ingredient/hydrogenated-castor-oil.html
Hydrogenated Lecithin,1,Emulsifier,no,yes,hydrogenated lecithin,https://acnesafecheck.com/ingredient/hydrogenated-lecithin.html
Hydrolyzed Collagen,0,Botanical extract,no,no,hydrolyzed collagen,https://acnesafecheck.com/ingredient/hydrolyzed-collagen.html
Hydrolyzed Hyaluronic Acid,0,Functional,no,no,hydrolyzed hyaluronic acid,https://acnesafecheck.com/ingredient/hydrolyzed-hyaluronic-acid.html
Hydrolyzed Silk,0,Botanical extract,no,no,hydrolyzed silk,https://acnesafecheck.com/ingredient/hydrolyzed-silk.html
Hydrolyzed Wheat Protein,0,Botanical extract,no,no,hydrolyzed wheat protein,https://acnesafecheck.com/ingredient/hydrolyzed-wheat-protein.html
Hydroxyethylcellulose,0,Thickener,no,no,hydroxyethylcellulose,https://acnesafecheck.com/ingredient/hydroxyethylcellulose.html
Hydroxypropyl Cyclodextrin,0,Functional,no,no,hydroxypropyl cyclodextrin,https://acnesafecheck.com/ingredient/hydroxypropyl-cyclodextrin.html
Hydroxypropyl Guar,0,Functional,no,no,hydroxypropyl guar,https://acnesafecheck.com/ingredient/hydroxypropyl-guar.html
Idebenone,0,Functional,no,no,idebenone,https://acnesafecheck.com/ingredient/idebenone.html
Inositol,0,Functional,no,no,inositol,https://acnesafecheck.com/ingredient/inositol.html
Inulin,0,Functional,no,no,inulin,https://acnesafecheck.com/ingredient/inulin.html
Iron Oxides,0,Colorant,no,no,ci 77491; ci 77492; ci 77499; iron oxides,https://acnesafecheck.com/ingredient/iron-oxides.html
Isocetyl Stearate,5,Ester,yes,yes,isocetyl stearate,https://acnesafecheck.com/ingredient/isocetyl-stearate.html
Isohexadecane,1,Ester,no,no,isohexadecane,https://acnesafecheck.com/ingredient/isohexadecane.html
Isononyl Isononanoate,1,Ester,no,yes,isononyl isononanoate,https://acnesafecheck.com/ingredient/isononyl-isononanoate.html
Isopentyldiol,0,Functional,no,no,isopentyldiol,https://acnesafecheck.com/ingredient/isopentyldiol.html
Isopropyl Alcohol,0,Functional,no,no,isopropyl alcohol,https://acnesafecheck.com/ingredient/isopropyl-alcohol.html
Isopropyl Isostearate,5,Ester,yes,yes,isopropyl isostearate,https://acnesafecheck.com/ingredient/isopropyl-isostearate.html
Isopropyl Linoleate,5,Ester,yes,yes,isopropyl linoleate,https://acnesafecheck.com/ingredient/isopropyl-linoleate.html
Isopropyl Myristate,5,Ester,yes,yes,isopropyl myristate,https://acnesafecheck.com/ingredient/isopropyl-myristate.html
Isopropyl Palmitate,4,Ester,yes,yes,isopropyl palmitate,https://acnesafecheck.com/ingredient/isopropyl-palmitate.html
Isostearyl Isostearate,4,Ester,yes,yes,isostearyl isostearate,https://acnesafecheck.com/ingredient/isostearyl-isostearate.html
Isostearyl Neopentanoate,4,Ester,yes,yes,isostearyl neopentanoate,https://acnesafecheck.com/ingredient/isostearyl-neopentanoate.html
Jasmine Extract,0,Botanical extract,no,no,jasmine extract,https://acnesafecheck.com/ingredient/jasmine-extract.html
Jojoba Oil,2,Oil,no,yes,jojoba oil; simmondsia chinensis seed oil,https://acnesafecheck.com/ingredient/jojoba-oil.html
Kale Extract,0,Botanical extract,no,no,kale extract,https://acnesafecheck.com/ingredient/kale-extract.html
Kaolin,0,Clay,no,no,kaolin,https://acnesafecheck.com/ingredient/kaolin.html
Keratin,0,Botanical extract,no,no,keratin,https://acnesafecheck.com/ingredient/keratin.html
Kojic Acid,0,Functional,no,no,kojic acid,https://acnesafecheck.com/ingredient/kojic-acid.html
Kokum Butter,1,Butter,no,yes,garcinia indica seed butter; kokum butter,https://acnesafecheck.com/ingredient/kokum-butter.html
Lactic Acid,0,Active,no,no,lactic acid,https://acnesafecheck.com/ingredient/lactic-acid.html
Lactic Acid Bacteria,0,Functional,no,no,lactic acid bacteria,https://acnesafecheck.com/ingredient/lactic-acid-bacteria.html
Lactobacillus Ferment,0,Botanical extract,no,yes,lactobacillus ferment,https://acnesafecheck.com/ingredient/lactobacillus-ferment.html
Lactobionic Acid,0,Functional,no,no,lactobionic acid,https://acnesafecheck.com/ingredient/lactobionic-acid.html
Laminaria Digitata Extract,4,Marine,yes,no,laminaria digitata extract,https://acnesafecheck.com/ingredient/laminaria-digitata-extract.html
Lanolin,2,Occlusive,no,no,lanolin,https://acnesafecheck.com/ingredient/lanolin.html
Lanolin Alcohol,2,Occlusive,no,no,lanolin alcohol,https://acnesafecheck.com/ingredient/lanolin-alcohol.html
Laureth-23,3,Emulsifier,yes,yes,laureth-23,https://acnesafecheck.com/ingredient/laureth-23.html
Laureth-4,5,Emulsifier,yes,yes,laureth 4; laureth-4,https://acnesafecheck.com/ingredient/laureth-4.html
Lauric Acid,4,Fatty acid,yes,yes,lauric acid,https://acnesafecheck.com/ingredient/lauric-acid.html
Lauryl Glucoside,0,Functional,no,no,lauryl glucoside,https://acnesafecheck.com/ingredient/lauryl-glucoside.html
Lavandula Angustifolia Flower Extract,0,Botanical extract,no,no,lavandula angustifolia flower extract,https://acnesafecheck.com/ingredient/lavandula-angustifolia-flower-extract.html
Lavender Extract,0,Botanical extract,no,no,lavender extract,https://acnesafecheck.com/ingredient/lavender-extract.html
Lavender Oil,1,Essential oil,no,no,lavandula angustifolia oil; lavender oil,https://acnesafecheck.com/ingredient/lavender-oil.html
Lecithin,4,Emulsifier,yes,yes,lecithin,https://acnesafecheck.com/ingredient/lecithin.html
Lemon Balm Extract,0,Botanical extract,no,no,lemon balm extract,https://acnesafecheck.com/ingredient/lemon-balm-extract.html
Lemon Peel Extract,0,Botanical extract,no,no,lemon peel extract,https://acnesafecheck.com/ingredient/lemon-peel-extract.html
Leontopodium Alpinum Extract,0,Botanical extract,no,no,leontopodium alpinum extract,https://acnesafecheck.com/ingredient/leontopodium-alpinum-extract.html
Lettuce Extract,0,Botanical extract,no,no,lettuce extract,https://acnesafecheck.com/ingredient/lettuce-extract.html
Levulinic Acid,0,Functional,no,no,levulinic acid,https://acnesafecheck.com/ingredient/levulinic-acid.html
Licorice Root Extract,0,Botanical extract,no,no,licorice root extract,https://acnesafecheck.com/ingredient/licorice-root-extract.html
Limonene,1,Fragrance,no,no,limonene,https://acnesafecheck.com/ingredient/limonene.html
Linalool,1,Fragrance,no,no,linalool,https://acnesafecheck.com/ingredient/linalool.html
Linden Extract,0,Botanical extract,no,no,linden extract,https://acnesafecheck.com/ingredient/linden-extract.html
Linoleic Acid,0,Fatty acid,no,yes,linoleic acid,https://acnesafecheck.com/ingredient/linoleic-acid.html
Linseed / Flaxseed Oil,4,Oil,yes,yes,flaxseed oil; linseed oil; linum usitatissimum seed oil,https://acnesafecheck.com/ingredient/linseed-flaxseed-oil.html
Lotus Extract,0,Botanical extract,no,no,lotus extract,https://acnesafecheck.com/ingredient/lotus-extract.html
Macadamia Oil,2,Oil,no,yes,macadamia integrifolia seed oil; macadamia oil,https://acnesafecheck.com/ingredient/macadamia-oil.html
Madecassoside,0,Botanical extract,no,no,madecassoside,https://acnesafecheck.com/ingredient/madecassoside.html
Magnesium Ascorbyl Phosphate,0,Active,no,no,magnesium ascorbyl phosphate,https://acnesafecheck.com/ingredient/magnesium-ascorbyl-phosphate.html
Magnesium Chloride,0,Functional,no,no,magnesium chloride,https://acnesafecheck.com/ingredient/magnesium-chloride.html
Magnesium Stearate,0,Functional,no,yes,magnesium stearate,https://acnesafecheck.com/ingredient/magnesium-stearate.html
Magnesium Sulfate,0,Functional,no,no,magnesium sulfate,https://acnesafecheck.com/ingredient/magnesium-sulfate.html
Malic Acid,0,Functional,no,no,malic acid,https://acnesafecheck.com/ingredient/malic-acid.html
Mallow Extract,0,Botanical extract,no,no,mallow extract,https://acnesafecheck.com/ingredient/mallow-extract.html
Maltodextrin,0,Functional,no,no,maltodextrin,https://acnesafecheck.com/ingredient/maltodextrin.html
Mandarin Orange Extract,0,Botanical extract,no,no,mandarin orange extract,https://acnesafecheck.com/ingredient/mandarin-orange-extract.html
Mandelic Acid,0,Active,no,no,mandelic acid,https://acnesafecheck.com/ingredient/mandelic-acid.html
Manganese PCA,0,Functional,no,no,manganese pca,https://acnesafecheck.com/ingredient/manganese-pca.html
Mango Butter,0,Butter,no,yes,mangifera indica seed butter; mango butter,https://acnesafecheck.com/ingredient/mango-butter.html
Mango Extract,0,Botanical extract,no,no,mango extract,https://acnesafecheck.com/ingredient/mango-extract.html
Manuka Honey,0,Botanical extract,no,no,manuka honey,https://acnesafecheck.com/ingredient/manuka-honey.html
Marigold Extract,0,Botanical extract,no,no,marigold extract,https://acnesafecheck.com/ingredient/marigold-extract.html
Maritime Pine Extract,0,Botanical extract,no,no,maritime pine extract,https://acnesafecheck.com/ingredient/maritime-pine-extract.html
Marshmallow Root Extract,0,Botanical extract,no,no,marshmallow root extract,https://acnesafecheck.com/ingredient/marshmallow-root-extract.html
Marula Oil,1,Oil,no,yes,marula oil; sclerocarya birrea seed oil,https://acnesafecheck.com/ingredient/marula-oil.html
Matcha Extract,0,Botanical extract,no,no,matcha extract,https://acnesafecheck.com/ingredient/matcha-extract.html
Mate Leaf Extract,0,Botanical extract,no,no,mate leaf extract,https://acnesafecheck.com/ingredient/mate-leaf-extract.html
Matrixyl,0,Functional,no,no,matrixyl,https://acnesafecheck.com/ingredient/matrixyl.html
Meadowfoam Seed Oil,1,Oil,no,yes,limnanthes alba seed oil; meadowfoam seed oil,https://acnesafecheck.com/ingredient/meadowfoam-seed-oil.html
Melissa Officinalis Leaf Extract,0,Botanical extract,no,no,melissa officinalis leaf extract,https://acnesafecheck.com/ingredient/melissa-officinalis-leaf-extract.html
Methylparaben,0,Functional,no,no,methylparaben,https://acnesafecheck.com/ingredient/methylparaben.html
Methylpropanediol,0,Functional,no,no,methylpropanediol,https://acnesafecheck.com/ingredient/methylpropanediol.html
Mica,0,Colorant,no,no,ci 77019; mica,https://acnesafecheck.com/ingredient/mica.html
Mineral Oil,1,Oil,no,no,mineral oil; paraffinum liquidum,https://acnesafecheck.com/ingredient/mineral-oil.html
Mink Oil,3,Oil,yes,yes,mink oil,https://acnesafecheck.com/ingredient/mink-oil.html
Moringa Extract,0,Botanical extract,no,no,moringa extract,https://acnesafecheck.com/ingredient/moringa-extract.html
Mugwort Extract,0,Botanical extract,no,no,mugwort extract,https://acnesafecheck.com/ingredient/mugwort-extract.html
Mushroom Extract,0,Botanical extract,no,no,mushroom extract,https://acnesafecheck.com/ingredient/mushroom-extract.html
Myristic Acid,3,Fatty acid,yes,yes,myristic acid,https://acnesafecheck.com/ingredient/myristic-acid.html
Myristyl Lactate,4,Ester,yes,yes,myristyl lactate,https://acnesafecheck.com/ingredient/myristyl-lactate.html
Myristyl Myristate,5,Ester,yes,yes,myristyl myristate,https://acnesafecheck.com/ingredient/myristyl-myristate.html
Myrrh Extract,0,Botanical extract,no,no,myrrh extract,https://acnesafecheck.com/ingredient/myrrh-extract.html
N-Acetyl Glucosamine,0,Functional,no,no,n-acetyl glucosamine,https://acnesafecheck.com/ingredient/n-acetyl-glucosamine.html
Neem Extract,0,Botanical extract,no,no,neem extract,https://acnesafecheck.com/ingredient/neem-extract.html
Nelumbo Nucifera Flower Extract,0,Botanical extract,no,no,nelumbo nucifera flower extract,https://acnesafecheck.com/ingredient/nelumbo-nucifera-flower-extract.html
Neroli Extract,0,Botanical extract,no,no,neroli extract,https://acnesafecheck.com/ingredient/neroli-extract.html
Nettle Extract,0,Botanical extract,no,no,nettle extract,https://acnesafecheck.com/ingredient/nettle-extract.html
Niacinamide,0,Active,no,no,niacinamide; nicotinamide; vitamin b3,https://acnesafecheck.com/ingredient/niacinamide.html
Nylon-12,0,Functional,no,no,nylon-12,https://acnesafecheck.com/ingredient/nylon-12.html
Oak Bark Extract,0,Botanical extract,no,no,oak bark extract,https://acnesafecheck.com/ingredient/oak-bark-extract.html
Oat Extract,0,Botanical extract,no,no,oat extract,https://acnesafecheck.com/ingredient/oat-extract.html
Octinoxate,1,Sunscreen,no,no,ethylhexyl methoxycinnamate; octinoxate,https://acnesafecheck.com/ingredient/octinoxate.html
Octocrylene,1,Sunscreen,no,no,octocrylene,https://acnesafecheck.com/ingredient/octocrylene.html
Octyl Palmitate,4,Ester,yes,yes,ethylhexyl palmitate; octyl palmitate,https://acnesafecheck.com/ingredient/octyl-palmitate.html
Octyl Stearate,5,Ester,yes,yes,ethylhexyl stearate; octyl stearate,https://acnesafecheck.com/ingredient/octyl-stearate.html
Olea Europaea Leaf Extract,0,Botanical extract,no,no,olea europaea leaf extract,https://acnesafecheck.com/ingredient/olea-europaea-leaf-extract.html
Oleic Acid,2,Fatty acid,no,yes,oleic acid,https://acnesafecheck.com/ingredient/oleic-acid.html
Oligopeptide-1,0,Functional,no,no,oligopeptide-1,https://acnesafecheck.com/ingredient/oligopeptide-1.html
Olive Leaf Extract,0,Botanical extract,no,no,olive leaf extract,https://acnesafecheck.com/ingredient/olive-leaf-extract.html
Olive Oil,2,Oil,no,yes,olea europaea fruit oil; olive oil,https://acnesafecheck.com/ingredient/olive-oil.html
Opuntia Ficus-Indica Extract,0,Botanical extract,no,no,opuntia ficus-indica extract,https://acnesafecheck.com/ingredient/opuntia-ficus-indica-extract.html
Orange Blossom Water,0,Botanical extract,no,no,orange blossom water,https://acnesafecheck.com/ingredient/orange-blossom-water.html
Oregano Extract,0,Botanical extract,no,no,oregano extract,https://acnesafecheck.com/ingredient/oregano-extract.html
Oryza Sativa Bran Extract,0,Botanical extract,no,no,oryza sativa bran extract,https://acnesafecheck.com/ingredient/oryza-sativa-bran-extract.html
p-Anisic Acid,0,Functional,no,no,p-anisic acid,https://acnesafecheck.com/ingredient/p-anisic-acid.html
Palmitic Acid,2,Fatty acid,no,yes,palmitic acid,https://acnesafecheck.com/ingredient/palmitic-acid.html
Palmitoyl Hexapeptide-12,0,Functional,no,no,palmitoyl hexapeptide-12,https://acnesafecheck.com/ingredient/palmitoyl-hexapeptide-12.html
Palmitoyl Pentapeptide-4,0,Functional,no,no,palmitoyl pentapeptide-4,https://acnesafecheck.com/ingredient/palmitoyl-pentapeptide-4.html
Palmitoyl Tripeptide-1,0,Functional,no,no,palmitoyl tripeptide-1,https://acnesafecheck.com/ingredient/palmitoyl-tripeptide-1.html
Palmitoyl Tripeptide-5,0,Functional,no,no,palmitoyl tripeptide-5,https://acnesafecheck.com/ingredient/palmitoyl-tripeptide-5.html
Panax Ginseng Root Extract,0,Botanical extract,no,no,panax ginseng root extract,https://acnesafecheck.com/ingredient/panax-ginseng-root-extract.html
Panthenol,0,Soothing,no,no,panthenol; provitamin b5,https://acnesafecheck.com/ingredient/panthenol.html
Papaya Extract,0,Botanical extract,no,no,papaya extract,https://acnesafecheck.com/ingredient/papaya-extract.html
Parsley Extract,0,Botanical extract,no,no,parsley extract,https://acnesafecheck.com/ingredient/parsley-extract.html
PCA,0,Functional,no,no,pca,https://acnesafecheck.com/ingredient/pca.html
Peach Extract,0,Botanical extract,no,no,peach extract,https://acnesafecheck.com/ingredient/peach-extract.html
Peanut Oil,2,Oil,no,yes,arachis hypogaea oil; peanut oil,https://acnesafecheck.com/ingredient/peanut-oil.html
Pear Extract,0,Botanical extract,no,no,pear extract,https://acnesafecheck.com/ingredient/pear-extract.html
PEG-100 Stearate,1,Emulsifier,no,yes,peg-100 stearate,https://acnesafecheck.com/ingredient/peg-100-stearate.html
PEG-150 Distearate,1,Emulsifier,no,yes,peg-150 distearate,https://acnesafecheck.com/ingredient/peg-150-distearate.html
PEG-16 Lanolin,4,Emulsifier,yes,no,peg 16 lanolin; peg-16 lanolin,https://acnesafecheck.com/ingredient/peg-16-lanolin.html
PEG-40 Stearate,1,Emulsifier,no,yes,peg-40 stearate,https://acnesafecheck.com/ingredient/peg-40-stearate.html
PEG-8 Stearate,3,Emulsifier,yes,yes,peg 8 stearate; peg-8 stearate,https://acnesafecheck.com/ingredient/peg-8-stearate.html
Pentylene Glycol,0,Humectant,no,no,pentylene glycol,https://acnesafecheck.com/ingredient/pentylene-glycol.html
Peppermint Leaf Extract,0,Botanical extract,no,no,peppermint leaf extract,https://acnesafecheck.com/ingredient/peppermint-leaf-extract.html
Peppermint Oil,2,Essential oil,no,no,mentha piperita oil; peppermint oil,https://acnesafecheck.com/ingredient/peppermint-oil.html
Perlite,0,Functional,no,no,perlite,https://acnesafecheck.com/ingredient/perlite.html
Petrolatum,0,Occlusive,no,no,petrolatum; petroleum jelly,https://acnesafecheck.com/ingredient/petrolatum.html
Phenoxyethanol,0,Functional,no,no,phenoxyethanol,https://acnesafecheck.com/ingredient/phenoxyethanol.html
Phenyl Trimethicone,1,Silicone,no,no,phenyl trimethicone,https://acnesafecheck.com/ingredient/phenyl-trimethicone.html
Phytic Acid,0,Functional,no,no,phytic acid,https://acnesafecheck.com/ingredient/phytic-acid.html
Phytic Acid Complex,0,Functional,no,no,phytic acid complex,https://acnesafecheck.com/ingredient/phytic-acid-complex.html
Pine Bark Extract,0,Botanical extract,no,no,pine bark extract,https://acnesafecheck.com/ingredient/pine-bark-extract.html
Pineapple Extract,0,Botanical extract,no,no,pineapple extract,https://acnesafecheck.com/ingredient/pineapple-extract.html
Pinus Pinaster Bark Extract,0,Botanical extract,no,no,pinus pinaster bark extract,https://acnesafecheck.com/ingredient/pinus-pinaster-bark-extract.html
Plantain Extract,0,Botanical extract,no,no,plantain extract,https://acnesafecheck.com/ingredient/plantain-extract.html
Polyacrylate Crosspolymer-6,0,Functional,no,no,polyacrylate crosspolymer-6,https://acnesafecheck.com/ingredient/polyacrylate-crosspolymer-6.html
Polyethylene,0,Functional,no,no,polyethylene,https://acnesafecheck.com/ingredient/polyethylene.html
Polyglutamic Acid,0,Functional,no,no,polyglutamic acid,https://acnesafecheck.com/ingredient/polyglutamic-acid.html
Polyglyceryl-3 Diisostearate,4,Emulsifier,yes,yes,polyglyceryl-3 diisostearate,https://acnesafecheck.com/ingredient/polyglyceryl-3-diisostearate.html
Polyhydroxy Acid,0,Functional,no,no,polyhydroxy acid,https://acnesafecheck.com/ingredient/polyhydroxy-acid.html
Polymethylsilsesquioxane,0,Functional,no,no,polymethylsilsesquioxane,https://acnesafecheck.com/ingredient/polymethylsilsesquioxane.html
Polyquaternium-10,0,Functional,no,no,polyquaternium-10,https://acnesafecheck.com/ingredient/polyquaternium-10.html
Polysorbate 20,0,Emulsifier,no,yes,polysorbate 20,https://acnesafecheck.com/ingredient/polysorbate-20.html
Polysorbate 80,1,Emulsifier,no,yes,polysorbate 80,https://acnesafecheck.com/ingredient/polysorbate-80.html
Pomegranate Extract,0,Botanical extract,no,no,pomegranate extract,https://acnesafecheck.com/ingredient/pomegranate-extract.html
Pomegranate Seed Oil,1,Oil,no,yes,pomegranate seed oil; punica granatum seed oil,https://acnesafecheck.com/ingredient/pomegranate-seed-oil.html
Potassium Chloride,0,Functional,no,no,potassium chloride,https://acnesafecheck.com/ingredient/potassium-chloride.html
Potassium Sorbate,0,Functional,no,no,potassium sorbate,https://acnesafecheck.com/ingredient/potassium-sorbate.html
PPG-2 Myristyl Ether Propionate,3,Ester,yes,yes,ppg-2 myristyl ether propionate,https://acnesafecheck.com/ingredient/ppg-2-myristyl-ether-propionate.html
Propanediol,0,Functional,no,no,propanediol,https://acnesafecheck.com/ingredient/propanediol.html
Propolis Extract,0,Botanical extract,no,no,propolis extract,https://acnesafecheck.com/ingredient/propolis-extract.html
Propylene Glycol,0,Humectant,no,no,propylene glycol,https://acnesafecheck.com/ingredient/propylene-glycol.html
Propylparaben,0,Functional,no,no,propylparaben,https://acnesafecheck.com/ingredient/propylparaben.html
Pullulan,0,Functional,no,no,pullulan,https://acnesafecheck.com/ingredient/pullulan.html
Pumpkin Extract,0,Botanical extract,no,no,pumpkin extract,https://acnesafecheck.com/ingredient/pumpkin-extract.html
Punica Granatum Extract,0,Botanical extract,no,no,punica granatum extract,https://acnesafecheck.com/ingredient/punica-granatum-extract.html
Pyridoxine,0,Functional,no,no,pyridoxine,https://acnesafecheck.com/ingredient/pyridoxine.html
Pyrus Malus Fruit Extract,0,Botanical extract,no,no,pyrus malus fruit extract,https://acnesafecheck.com/ingredient/pyrus-malus-fruit-extract.html
Raspberry Extract,0,Botanical extract,no,no,raspberry extract,https://acnesafecheck.com/ingredient/raspberry-extract.html
Red Algae,5,Marine,yes,no,red algae,https://acnesafecheck.com/ingredient/red-algae.html
Red Clover Extract,0,Botanical extract,no,no,red clover extract,https://acnesafecheck.com/ingredient/red-clover-extract.html
Reishi Mushroom Extract,0,Botanical extract,no,no,reishi mushroom extract,https://acnesafecheck.com/ingredient/reishi-mushroom-extract.html
Resveratrol,0,Botanical extract,no,no,resveratrol,https://acnesafecheck.com/ingredient/resveratrol.html
Retinol,1,Active,no,no,retinol,https://acnesafecheck.com/ingredient/retinol.html
Retinyl Palmitate,2,Active,no,yes,retinyl palmitate,https://acnesafecheck.com/ingredient/retinyl-palmitate.html
Riboflavin,0,Functional,no,no,riboflavin,https://acnesafecheck.com/ingredient/riboflavin.html
Rice Extract,0,Botanical extract,no,no,rice extract,https://acnesafecheck.com/ingredient/rice-extract.html
Rooibos Extract,0,Botanical extract,no,no,rooibos extract,https://acnesafecheck.com/ingredient/rooibos-extract.html
Rosa Damascena Flower Extract,0,Botanical extract,no,no,rosa damascena flower extract,https://acnesafecheck.com/ingredient/rosa-damascena-flower-extract.html
Rose Extract,0,Botanical extract,no,no,rose extract,https://acnesafecheck.com/ingredient/rose-extract.html
Rose Water,0,Botanical extract,no,no,rose water,https://acnesafecheck.com/ingredient/rose-water.html
Rosehip Oil,1,Oil,no,yes,rosa canina fruit oil; rosehip oil; rosehip seed oil,https://acnesafecheck.com/ingredient/rosehip-oil.html
Rosemary Extract,0,Botanical extract,no,no,rosemary extract,https://acnesafecheck.com/ingredient/rosemary-extract.html
Rosmarinus Officinalis Leaf Extract,0,Botanical extract,no,no,rosmarinus officinalis leaf extract,https://acnesafecheck.com/ingredient/rosmarinus-officinalis-leaf-extract.html
Royal Jelly Extract,0,Botanical extract,no,no,royal jelly extract,https://acnesafecheck.com/ingredient/royal-jelly-extract.html
Saccharomyces Ferment,0,Botanical extract,no,yes,saccharomyces ferment,https://acnesafecheck.com/ingredient/saccharomyces-ferment.html
Safflower Oil,0,Oil,no,yes,carthamus tinctorius seed oil; safflower oil,https://acnesafecheck.com/ingredient/safflower-oil.html
Sage Extract,0,Botanical extract,no,no,sage extract,https://acnesafecheck.com/ingredient/sage-extract.html
Salicylic Acid,0,Active,no,no,bha; salicylic acid,https://acnesafecheck.com/ingredient/salicylic-acid.html
Salix Alba Bark Extract,0,Botanical extract,no,no,salix alba bark extract,https://acnesafecheck.com/ingredient/salix-alba-bark-extract.html
Salvia Officinalis Leaf Extract,0,Botanical extract,no,no,salvia officinalis leaf extract,https://acnesafecheck.com/ingredient/salvia-officinalis-leaf-extract.html
Sambucus Nigra Flower Extract,0,Botanical extract,no,no,sambucus nigra flower extract,https://acnesafecheck.com/ingredient/sambucus-nigra-flower-extract.html
Sandalwood Extract,0,Botanical extract,no,no,sandalwood extract,https://acnesafecheck.com/ingredient/sandalwood-extract.html
Sclerotium Gum,0,Thickener,no,no,sclerotium gum,https://acnesafecheck.com/ingredient/sclerotium-gum.html
Sea Buckthorn Extract,0,Botanical extract,no,no,sea buckthorn extract,https://acnesafecheck.com/ingredient/sea-buckthorn-extract.html
Sea Kelp Extract,0,Botanical extract,no,no,sea kelp extract,https://acnesafecheck.com/ingredient/sea-kelp-extract.html
Sea Salt Extract,0,Botanical extract,no,no,sea salt extract,https://acnesafecheck.com/ingredient/sea-salt-extract.html
Seawater,0,Botanical extract,no,no,seawater,https://acnesafecheck.com/ingredient/seawater.html
Sesame Oil,3,Oil,yes,yes,sesame oil; sesamum indicum seed oil,https://acnesafecheck.com/ingredient/sesame-oil.html
Shark Liver Oil,3,Oil,yes,yes,shark liver oil,https://acnesafecheck.com/ingredient/shark-liver-oil.html
Shea Butter,0,Butter,no,yes,butyrospermum parkii butter; shea butter,https://acnesafecheck.com/ingredient/shea-butter.html
Shiitake Extract,0,Botanical extract,no,no,shiitake extract,https://acnesafecheck.com/ingredient/shiitake-extract.html
Shikakai Extract,0,Botanical extract,no,no,shikakai extract,https://acnesafecheck.com/ingredient/shikakai-extract.html
Silica,0,Mineral,no,no,silica,https://acnesafecheck.com/ingredient/silica.html
Silk Protein,0,Botanical extract,no,no,silk protein,https://acnesafecheck.com/ingredient/silk-protein.html
Snail Secretion Filtrate,0,Botanical extract,no,no,snail secretion filtrate,https://acnesafecheck.com/ingredient/snail-secretion-filtrate.html
Snow Mushroom Extract,0,Botanical extract,no,no,snow mushroom extract,https://acnesafecheck.com/ingredient/snow-mushroom-extract.html
Sodium Acetylated Hyaluronate,0,Functional,no,no,sodium acetylated hyaluronate,https://acnesafecheck.com/ingredient/sodium-acetylated-hyaluronate.html
Sodium Anisate,0,Functional,no,no,sodium anisate,https://acnesafecheck.com/ingredient/sodium-anisate.html
Sodium Ascorbyl Phosphate,0,Functional,no,no,sodium ascorbyl phosphate,https://acnesafecheck.com/ingredient/sodium-ascorbyl-phosphate.html
Sodium Benzoate,0,Functional,no,no,sodium benzoate,https://acnesafecheck.com/ingredient/sodium-benzoate.html
Sodium Chloride,0,Misc,no,no,sea salt; sodium chloride,https://acnesafecheck.com/ingredient/sodium-chloride.html
Sodium Citrate,0,Functional,no,no,sodium citrate,https://acnesafecheck.com/ingredient/sodium-citrate.html
Sodium Cocoyl Glycinate,0,Functional,no,no,sodium cocoyl glycinate,https://acnesafecheck.com/ingredient/sodium-cocoyl-glycinate.html
Sodium Cocoyl Isethionate,0,Functional,no,no,sodium cocoyl isethionate,https://acnesafecheck.com/ingredient/sodium-cocoyl-isethionate.html
Sodium Gluconate,0,Functional,no,no,sodium gluconate,https://acnesafecheck.com/ingredient/sodium-gluconate.html
Sodium Hyaluronate Crosspolymer,0,Functional,no,no,sodium hyaluronate crosspolymer,https://acnesafecheck.com/ingredient/sodium-hyaluronate-crosspolymer.html
Sodium Hydroxide,0,Functional,no,no,sodium hydroxide,https://acnesafecheck.com/ingredient/sodium-hydroxide.html
Sodium Lactate,0,Functional,no,no,sodium lactate,https://acnesafecheck.com/ingredient/sodium-lactate.html
Sodium Laureth Sulfate,3,Surfactant,yes,yes,sles; sodium laureth sulfate,https://acnesafecheck.com/ingredient/sodium-laureth-sulfate.html
Sodium Lauroyl Lactylate,0,Functional,no,no,sodium lauroyl lactylate,https://acnesafecheck.com/ingredient/sodium-lauroyl-lactylate.html
Sodium Lauroyl Sarcosinate,0,Functional,no,no,sodium lauroyl sarcosinate,https://acnesafecheck.com/ingredient/sodium-lauroyl-sarcosinate.html
Sodium Lauryl Sulfate,5,Surfactant,yes,no,sls; sodium lauryl sulfate,https://acnesafecheck.com/ingredient/sodium-lauryl-sulfate.html
Sodium Levulinate,0,Functional,no,no,sodium levulinate,https://acnesafecheck.com/ingredient/sodium-levulinate.html
Sodium Metabisulfite,0,Functional,no,no,sodium metabisulfite,https://acnesafecheck.com/ingredient/sodium-metabisulfite.html
Sodium Methyl Cocoyl Taurate,0,Functional,no,no,sodium methyl cocoyl taurate,https://acnesafecheck.com/ingredient/sodium-methyl-cocoyl-taurate.html
Sodium PCA,0,Humectant,no,no,sodium pca,https://acnesafecheck.com/ingredient/sodium-pca.html
Sodium Phytate,0,Functional,no,no,sodium phytate,https://acnesafecheck.com/ingredient/sodium-phytate.html
Sodium Polyglutamate,0,Functional,no,no,sodium polyglutamate,https://acnesafecheck.com/ingredient/sodium-polyglutamate.html
Sodium Silicate,0,Functional,no,no,sodium silicate,https://acnesafecheck.com/ingredient/sodium-silicate.html
Sodium Starch Octenylsuccinate,0,Functional,no,no,sodium starch octenylsuccinate,https://acnesafecheck.com/ingredient/sodium-starch-octenylsuccinate.html
Sodium Sulfite,0,Functional,no,no,sodium sulfite,https://acnesafecheck.com/ingredient/sodium-sulfite.html
Solanum Lycopersicum Fruit Extract,0,Botanical extract,no,no,solanum lycopersicum fruit extract,https://acnesafecheck.com/ingredient/solanum-lycopersicum-fruit-extract.html
Sorbic Acid,0,Functional,no,no,sorbic acid,https://acnesafecheck.com/ingredient/sorbic-acid.html
Sorbitan Oleate,3,Emulsifier,yes,yes,sorbitan oleate,https://acnesafecheck.com/ingredient/sorbitan-oleate.html
Sorbitan Sesquioleate,3,Emulsifier,yes,yes,sorbitan sesquioleate,https://acnesafecheck.com/ingredient/sorbitan-sesquioleate.html
Sorbitan Stearate,1,Emulsifier,no,yes,sorbitan stearate,https://acnesafecheck.com/ingredient/sorbitan-stearate.html
Sorbitol,0,Humectant,no,no,sorbitol,https://acnesafecheck.com/ingredient/sorbitol.html
Soy Extract,0,Botanical extract,no,no,soy extract,https://acnesafecheck.com/ingredient/soy-extract.html
Soybean Oil,3,Oil,yes,yes,glycine soja oil; soybean oil,https://acnesafecheck.com/ingredient/soybean-oil.html
Spearmint Leaf Extract,0,Botanical extract,no,no,spearmint leaf extract,https://acnesafecheck.com/ingredient/spearmint-leaf-extract.html
Spearmint Oil,3,Essential oil,yes,no,mentha viridis leaf oil; spearmint oil,https://acnesafecheck.com/ingredient/spearmint-oil.html
Spinach Extract,0,Botanical extract,no,no,spinach extract,https://acnesafecheck.com/ingredient/spinach-extract.html
Spirulina Extract,0,Botanical extract,no,no,spirulina extract,https://acnesafecheck.com/ingredient/spirulina-extract.html
Squalane,1,Oil,no,no,squalane,https://acnesafecheck.com/ingredient/squalane.html
Squalene,1,Oil,no,no,squalene,https://acnesafecheck.com/ingredient/squalene.html
St. Johns Wort Extract,0,Botanical extract,no,no,st johns wort extract,https://acnesafecheck.com/ingredient/st-johns-wort-extract.html
Steareth-10,4,Emulsifier,yes,yes,steareth-10,https://acnesafecheck.com/ingredient/steareth-10.html
Steareth-2,2,Emulsifier,no,yes,steareth-2,https://acnesafecheck.com/ingredient/steareth-2.html
Steareth-20,2,Emulsifier,no,yes,steareth-20,https://acnesafecheck.com/ingredient/steareth-20.html
Stearic Acid,2,Fatty acid,no,yes,stearic acid,https://acnesafecheck.com/ingredient/stearic-acid.html
Stearyl Alcohol,2,Fatty alcohol,no,yes,stearyl alcohol,https://acnesafecheck.com/ingredient/stearyl-alcohol.html
Strawberry Extract,0,Botanical extract,no,no,strawberry extract,https://acnesafecheck.com/ingredient/strawberry-extract.html
Sucrose,0,Functional,no,no,sucrose,https://acnesafecheck.com/ingredient/sucrose.html
Sunflower Oil,0,Oil,no,yes,helianthus annuus seed oil; sunflower oil,https://acnesafecheck.com/ingredient/sunflower-oil.html
Sweet Almond Oil,2,Oil,no,yes,almond oil; prunus amygdalus dulcis oil; sweet almond oil,https://acnesafecheck.com/ingredient/sweet-almond-oil.html
Talc,1,Mineral,no,no,talc,https://acnesafecheck.com/ingredient/talc.html
Tamanu Oil,2,Oil,no,yes,calophyllum inophyllum seed oil; tamanu oil,https://acnesafecheck.com/ingredient/tamanu-oil.html
Tapioca Starch,0,Functional,no,no,tapioca starch,https://acnesafecheck.com/ingredient/tapioca-starch.html
Taraxacum Officinale Extract,0,Botanical extract,no,no,taraxacum officinale extract,https://acnesafecheck.com/ingredient/taraxacum-officinale-extract.html
Tartaric Acid,0,Functional,no,no,tartaric acid,https://acnesafecheck.com/ingredient/tartaric-acid.html
Tea Tree Oil,1,Essential oil,no,no,melaleuca alternifolia leaf oil; tea tree oil,https://acnesafecheck.com/ingredient/tea-tree-oil.html
Tetrahexyldecyl Ascorbate,2,Active,no,no,tetrahexyldecyl ascorbate,https://acnesafecheck.com/ingredient/tetrahexyldecyl-ascorbate.html
Tetrasodium EDTA,0,Functional,no,no,tetrasodium edta,https://acnesafecheck.com/ingredient/tetrasodium-edta.html
Tetrasodium Glutamate Diacetate,0,Functional,no,no,tetrasodium glutamate diacetate,https://acnesafecheck.com/ingredient/tetrasodium-glutamate-diacetate.html
Thiamine,0,Functional,no,no,thiamine,https://acnesafecheck.com/ingredient/thiamine.html
Thyme Extract,0,Botanical extract,no,no,thyme extract,https://acnesafecheck.com/ingredient/thyme-extract.html
Tiger Grass Extract,0,Botanical extract,no,no,tiger grass extract,https://acnesafecheck.com/ingredient/tiger-grass-extract.html
Titanium Dioxide,1,Sunscreen,no,no,ci 77891; titanium dioxide,https://acnesafecheck.com/ingredient/titanium-dioxide.html
Tocopherol,2,Active,no,yes,tocopherol; vitamin e,https://acnesafecheck.com/ingredient/tocopherol.html
Tocopheryl Acetate,0,Functional,no,yes,tocopheryl acetate,https://acnesafecheck.com/ingredient/tocopheryl-acetate.html
Tomato Extract,0,Botanical extract,no,no,tomato extract,https://acnesafecheck.com/ingredient/tomato-extract.html
Tranexamic Acid,0,Functional,no,no,tranexamic acid,https://acnesafecheck.com/ingredient/tranexamic-acid.html
Trehalose,0,Humectant,no,no,trehalose,https://acnesafecheck.com/ingredient/trehalose.html
Tremella Fuciformis Extract,0,Botanical extract,no,no,tremella fuciformis extract,https://acnesafecheck.com/ingredient/tremella-fuciformis-extract.html
Triethanolamine,0,Functional,no,no,triethanolamine,https://acnesafecheck.com/ingredient/triethanolamine.html
Tripeptide-1,0,Functional,no,no,tripeptide-1,https://acnesafecheck.com/ingredient/tripeptide-1.html
Trisodium Ethylenediamine Disuccinate,0,Functional,no,no,trisodium ethylenediamine disuccinate,https://acnesafecheck.com/ingredient/trisodium-ethylenediamine-disuccinate.html
Turmeric Extract,0,Botanical extract,no,no,turmeric extract,https://acnesafecheck.com/ingredient/turmeric-extract.html
Ubiquinone,0,Functional,no,no,ubiquinone,https://acnesafecheck.com/ingredient/ubiquinone.html
Urea,0,Humectant,no,no,urea,https://acnesafecheck.com/ingredient/urea.html
Urtica Dioica Extract,0,Botanical extract,no,no,urtica dioica extract,https://acnesafecheck.com/ingredient/urtica-dioica-extract.html
Vaccinium Myrtillus Fruit Extract,0,Botanical extract,no,no,vaccinium myrtillus fruit extract,https://acnesafecheck.com/ingredient/vaccinium-myrtillus-fruit-extract.html
Vanilla Extract,0,Botanical extract,no,no,vanilla extract,https://acnesafecheck.com/ingredient/vanilla-extract.html
Vitis Vinifera Fruit Extract,0,Botanical extract,no,no,vitis vinifera fruit extract,https://acnesafecheck.com/ingredient/vitis-vinifera-fruit-extract.html
Water,0,Solvent,no,no,aqua; eau; water,https://acnesafecheck.com/ingredient/water.html
Watermelon Extract,0,Botanical extract,no,no,watermelon extract,https://acnesafecheck.com/ingredient/watermelon-extract.html
Wheat Bran Lipids,2,Oil,no,yes,wheat bran lipids,https://acnesafecheck.com/ingredient/wheat-bran-lipids.html
Wheat Germ Glyceride,3,Oil,yes,yes,wheat germ glyceride,https://acnesafecheck.com/ingredient/wheat-germ-glyceride.html
Wheat Germ Oil,5,Oil,yes,yes,triticum vulgare germ oil; wheat germ oil,https://acnesafecheck.com/ingredient/wheat-germ-oil.html
Wheat Protein,0,Botanical extract,no,no,wheat protein,https://acnesafecheck.com/ingredient/wheat-protein.html
White Tea Extract,0,Botanical extract,no,no,white tea extract,https://acnesafecheck.com/ingredient/white-tea-extract.html
Willow Bark Extract,0,Botanical extract,no,no,willow bark extract,https://acnesafecheck.com/ingredient/willow-bark-extract.html
Witch Hazel,0,Botanical extract,no,no,witch hazel,https://acnesafecheck.com/ingredient/witch-hazel.html
Xanthan Gum,0,Thickener,no,no,xanthan gum,https://acnesafecheck.com/ingredient/xanthan-gum.html
Yarrow Extract,0,Botanical extract,no,no,yarrow extract,https://acnesafecheck.com/ingredient/yarrow-extract.html
Yeast Extract,0,Botanical extract,no,no,yeast extract,https://acnesafecheck.com/ingredient/yeast-extract.html
Yerba Mate Extract,0,Botanical extract,no,no,yerba mate extract,https://acnesafecheck.com/ingredient/yerba-mate-extract.html
Zinc Gluconate,0,Functional,no,no,zinc gluconate,https://acnesafecheck.com/ingredient/zinc-gluconate.html
Zinc Oxide,1,Sunscreen,no,no,zinc oxide,https://acnesafecheck.com/ingredient/zinc-oxide.html
Zinc PCA,0,Functional,no,no,zinc pca,https://acnesafecheck.com/ingredient/zinc-pca.html
Zinc Stearate,0,Functional,no,yes,zinc stearate,https://acnesafecheck.com/ingredient/zinc-stearate.html
Zinc Sulfate,0,Functional,no,no,zinc sulfate,https://acnesafecheck.com/ingredient/zinc-sulfate.html
Zingiber Officinale Root Extract,0,Botanical extract,no,no,zingiber officinale root extract,https://acnesafecheck.com/ingredient/zingiber-officinale-root-extract.html
